car,stock_mps,max_mps,stock_0.8_seconds,max_0.8_seconds
mini-hatch,0.9999977,1.5499954,1.0888889,0.37222221
runabout,1.0199953,1.5499953,1.0666667,0.37222221
rust-bucket,1.039994,1.349995,0.9166667,0.5
vintage-saloon,1.0599939,1.3499951,0.89444447,0.5
limousine,1.079994,1.349995,0.87222224,0.5
family-van,1.099995,1.4499955,0.8833333,0.43333334
ambulance,1.1199949,1.4499955,0.8666667,0.43333334
angular-truck,1.1399953,1.4999957,0.85555553,0.42777777
work-pickup,1.1599954,1.4999958,0.84444445,0.42777777
trail-jeep,1.1799953,1.4999958,0.78333336,0.4
field-truck,1.1999955,1.499996,0.7722222,0.4
estate-4x-4,1.2199955,1.4999958,0.76111114,0.4
beach-buggy,1.2399955,1.4999958,0.75,0.4
banana-kart,1.2599957,1.5999959,0.5,0.42777777
city-taxi,1.279995,1.6499951,0.4611111,0.30555555
sedan-sports,1.299995,1.6499951,0.43888888,0.30555555
patrol-car,1.319995,1.6499951,0.43333334,0.30555555
hot-hatch,1.379996,1.7989265,0.50555557,0.44444445
rotary-coupe,1.4299959,1.7989265,0.5,0.44444445
eighties-wedge,1.5199962,2.0499911,0.33333334,0.2777778
roadster,1.5699961,2.0499914,0.32222223,0.2777778
grand-tourer,1.619996,2.0499911,0.31111112,0.2777778
pony-car,1.6699959,2.0499914,0.30555555,0.2777778
track-coupe,1.7199957,2.0499911,0.30555555,0.2777778
muscle-coupe,1.7799957,2.0499914,0.3,0.2777778
eighties-icon,1.9299958,2.2999914,0.2888889,0.27222222
supercar,2.0099916,2.2999914,0.2888889,0.27222222
racer,2.1599913,2.449991,0.28333333,0.26666668